Site,Ad Fontes url,Reliability,Bias
#MediaBuzz,https://adfontesmedia.com/mediabuzz-bias-and-reliability/,35.83,9.26
19th News,https://adfontesmedia.com/19th-news-bias-and-reliability/,43.37,-10.73
60 Minutes,https://adfontesmedia.com/60-minutes-bias-and-reliability/,34.29,-8.76
@ Night with Shannon Bream,https://adfontesmedia.com/night-with-shannon-bream-bias-and-reliability/,39.06,17.08
ABC News Website,https://adfontesmedia.com/abc-news-bias-and-reliability/,45.26,-2.94
ABC This Week with George Stephanopoulos,https://adfontesmedia.com/this-week-with-george-stephanopoulos-bias-reliability/,42.44,-7.11
ABC World News Tonight with David Muir,https://adfontesmedia.com/abc-world-news-tonight-with-david-muir/,47.67,-5.9
Abe Lincoln’s Top Hat,https://adfontesmedia.com/abe-lincolns-top-hat-bias-and-reliability/,30.25,-11.75
Advocate Magazine,https://adfontesmedia.com/advocate-magazine-bias-and-reliability/,37.71,-15.41
Agence France-Presse,https://adfontesmedia.com/agence-france-presse-bias-reliability/,47.15,-2.4
Air Force Times,https://adfontesmedia.com/air-force-times-bias-and-reliability/,46.01,1.18
Al Jazeera Website,https://adfontesmedia.com/al-jazeera-bias-and-reliability/,41.48,-7.08
AL.com,https://adfontesmedia.com/al-com-bias-and-reliability/,45.95,-1.31
Alex Witt Reports,https://adfontesmedia.com/alex-witt-reports-bias-and-reliability/,36.25,-14.42
All In with Chris Hayes,https://adfontesmedia.com/all-in-with-chris-hayes-bias-and-reliability/,22.25,-18.46
AlterNet,https://adfontesmedia.com/alternet-bias-and-reliability/,27.03,-17.16
Amanpour,https://adfontesmedia.com/amanpour-bias-and-reliability/,42.78,-7.15
America Dissected,https://adfontesmedia.com/america-dissected-bias-and-reliability/,34.25,-13.73
America First with Sebastian Gorka Podcast,https://adfontesmedia.com/america-first-with-sebastian-gorka-podcast-bias-and-reliability/,16.53,25.08
America Right Now,https://adfontesmedia.com/america-right-now-bias-and-reliability/,13.38,23.46
American Greatness,https://adfontesmedia.com/american-greatness-bias-and-reliability/,18.93,22.45
American Independent,https://adfontesmedia.com/american-independent-bias-reliability/,38.38,-14.61
American Thinker,https://adfontesmedia.com/american-thinker-bias-and-reliability/,13.67,24.85
American Voices with Alicia Menendez,https://adfontesmedia.com/american-voices-alicia-menendez-bias-and-reliability/,33.44,-16
Amicus with Dahlia Lithwick,https://adfontesmedia.com/amicus-dahlia-lithwick-bias-and-reliability/,38.67,-14.59
Anderson Cooper 360,https://adfontesmedia.com/anderson-cooper-360-bias-and-reliability/,33.21,-14.59
Andrea Mitchell Reports,https://adfontesmedia.com/andrea-mitchell-reports-bias-and-reliability/,28.61,-14.15
Aol.com,https://adfontesmedia.com/aol-com-bias-and-reliability/,43.71,-1.86
AP,https://adfontesmedia.com/ap-bias-and-reliability/,45.54,-2.29
Apple News Today,https://adfontesmedia.com/apple-news-today-bias-and-reliability/,44.56,-5.03
Arizona Daily Star,https://adfontesmedia.com/arizona-daily-star-bias-and-reliability/,45.85,-2
Arkansas Democrat-Gazette,https://adfontesmedia.com/arkansas-democrat-gazette-bias-and-reliability/,45.14,0.18
Armchair Expert with Dax Shepard,https://adfontesmedia.com/armchair-expert-with-dax-shepard-bias-and-reliability/,37.42,-9.03
Army Times,https://adfontesmedia.com/army-times-bias-and-reliability/,47.8,0.31
ARS Technica,https://adfontesmedia.com/ars-technica-bias-and-reliability/,45.41,-2.22
Aspen Times,https://adfontesmedia.com/aspen-times-bias-and-reliability/,46.03,-0.53
At this Hour with Kate Bolduan,https://adfontesmedia.com/at-this-hour-with-kate-bolduan-bias-and-reliability/,35.44,-11.44
Atlanta Black Star,https://adfontesmedia.com/atlanta-black-star-bias-and-reliability/,44.58,-6.37
Atlanta Journal-Constitution,https://adfontesmedia.com/atlanta-journal-constitution-bias-and-reliability/,44.83,-3.84
Axios,https://adfontesmedia.com/axios-bias-and-reliability/,43.41,-3.23
Axios Re:Cap,https://adfontesmedia.com/axios-recap-bias-and-reliability/,42.67,-7.06
Ayman,https://adfontesmedia.com/ayman-bias-and-reliability/,31.56,-15.67
AZ Central,https://adfontesmedia.com/az-central-bias-and-reliability/,42.41,-6.89
Bad Faith,https://adfontesmedia.com/bad-faith-bias-and-reliability/,34.73,-25.03
Baltimore Sun,https://adfontesmedia.com/baltimore-sun-bias-and-reliability/,44.41,-4.13
Banfield,https://adfontesmedia.com/banfield-bias-and-reliability/,36.23,-1.51
Bannon’s War Room,https://adfontesmedia.com/bannons-war-room-bias-and-reliability/,11.81,27.22
Barron’s,https://adfontesmedia.com/barrons-bias-and-reliability/,45.25,-0.22
BBC,https://adfontesmedia.com/bbc-bias-and-reliability/,44.67,-1.38
BBC World News America,https://adfontesmedia.com/bbc-world-news-america-bias-and-reliability/,,-3.78
Bearing Arms,https://adfontesmedia.com/bearing-arms-bias-and-reliability/,26.11,18.81
Before It’s News,https://adfontesmedia.com/before-its-news-bias-and-reliability/,6.23,29.41
Bellingcat,https://adfontesmedia.com/bellingcat-bias-and-reliability/,48.39,-2.83
Benzinga,https://adfontesmedia.com/benzinga-bias-and-reliability/,42.28,0.03
BET,https://adfontesmedia.com/bet-bias-and-reliability/,41.39,-5.7
BGR,https://adfontesmedia.com/bgr-bias-and-reliability/,40.79,-3.6
Big League Politics,https://adfontesmedia.com/big-league-politics-bias-and-reliability/,18.08,24.99
Bill O’Reilly,https://adfontesmedia.com/bill-oreilly-bias-and-reliability/,21.72,25.55
Billboard,https://adfontesmedia.com/billboard-bias-and-reliability/,40.95,-1.84
Bipartisan Report,https://adfontesmedia.com/bipartisan-report-bias-and-reliability/,25.13,-18.81
BizPac Review,https://adfontesmedia.com/bizpac-review-bias-and-reliability/,22.42,19.12
BlackSportsOnline,https://adfontesmedia.com/black-sports-online-bias-and-reliability/,27.41,-6.17
Bloomberg Government,https://adfontesmedia.com/bloomberg-government-bias-and-reliability/,47.17,-5.37
Bloomberg News,https://adfontesmedia.com/bloomberg-news-bias-and-reliability/,43.51,-2.82
BNO,https://adfontesmedia.com/bno-bias-and-reliability/,46.37,-0.4
Boing Boing,https://adfontesmedia.com/boing-boing-bias-and-reliability/,19.23,-14.43
Boom Bust,https://adfontesmedia.com/boom-bust-bias-and-reliability/,40.67,2.44
Boston Globe,https://adfontesmedia.com/boston-globe-bias-and-reliability/,41.94,-7.85
Boston Herald,https://adfontesmedia.com/boston-herald-bias-and-reliability/,36.31,9.68
Breitbart,https://adfontesmedia.com/breitbart-bias-and-reliability/,31.96,14.17
Brian Kilmeade Show,https://adfontesmedia.com/brian-kilmeade-show-bias-and-reliability/,24.7,18
Bring Me the News,https://adfontesmedia.com/bring-me-the-news-bias-and-reliability/,46.93,-1.98
BroBible,https://adfontesmedia.com/brobible-bias-and-reliability/,23.95,-1.02
Business Insider,https://adfontesmedia.com/insider-bias-and-reliability/,40.64,-4.22
BuzzFeed News,https://adfontesmedia.com/buzzfeed-news-bias-and-reliability/,40.09,-6.09
C-SPAN,https://adfontesmedia.com/c-span-bias-and-reliability/,52,0
Candace Owens,https://adfontesmedia.com/candace-bias-and-reliability/,21.9,19.72
Cape Up with Jonathan Capehart,https://adfontesmedia.com/cape-up-with-jonathan-capehart-bias-reliability/,33.89,-15.56
Capitol Weekly,https://adfontesmedia.com/capitol-weekly-bias-and-reliability/,38.91,-2.4
Cato Institute,https://adfontesmedia.com/cato-institute-bias-and-reliability/,40.6,6.02
Cavuto Live,https://adfontesmedia.com/cavuto-live-bias-and-reliability/,36,10.78
Cavuto: Coast to Coast,https://adfontesmedia.com/cavuto-coast-to-coast-bias-and-reliability/,36.67,11
CBN,https://adfontesmedia.com/christian-broadcasting-network-bias-and-reliability/,34.17,15.24
CBS Evening News with Norah O’Donnell,https://adfontesmedia.com/cbs-evening-news-with-norah-odonnell-bias-and-reliability/,49.11,-3.39
CBS Morning News,https://adfontesmedia.com/cbs-morning-news-bias-and-reliability/,45,-6.92
CBS News Website,https://adfontesmedia.com/cbs-bias-and-reliability/,41.78,-2.95
CBS Sunday Morning,https://adfontesmedia.com/cbs-sunday-morning-bias-and-reliability/,44,-5.61
CFO,https://adfontesmedia.com/cfo-bias-and-reliability/,42.26,0.03
Chapo Trap House,https://adfontesmedia.com/chapo-trap-house-bias-and-reliability/,20.87,-28.83
Charleston Gazette-Mail,https://adfontesmedia.com/charleston-gazette-mail-bias-and-reliability/,45.43,-3.71
Chicago Sun-Times,https://adfontesmedia.com/chicago-sun-times-bias-and-reliability/,45.44,-4.35
Chicago Tribune,https://adfontesmedia.com/chicago-tribune-bias-and-reliability/,44.67,-4.24
Chicks on the Right,https://adfontesmedia.com/chicks-on-the-right-bias-and-reliability/,24.67,18.58
Chicks on the Right Podcast,https://adfontesmedia.com/chicks-on-right-podcast-bias-and-reliability/,16.71,21.8
Christian Science Monitor,https://adfontesmedia.com/christian-science-monitor-bias-and-reliability/,44.48,-2.03
Christianity Today,https://adfontesmedia.com/christianity-today-bias-and-reliability/,41.65,5.48
Chron.com,https://adfontesmedia.com/chron-com-bias-and-reliability/,46.63,-0.6
Cleveland.com,https://adfontesmedia.com/cleveland-com-bias-and-reliability/,45.01,-0.77
CNBC Website,https://adfontesmedia.com/cnbc/,43.85,-1.65
CNET,https://adfontesmedia.com/cnet-bias-and-reliability/,40.02,-1.39
CNN 5 Things,https://adfontesmedia.com/cnn-5-things-bias-and-reliability/,47,-0.67
CNN Newsroom with Jim Acosta,https://adfontesmedia.com/cnn-newsroom-with-jim-acosta/,29.22,-16.83
CNN This Morning,https://adfontesmedia.com/cnn-this-morning-bias-and-reliability/,40.11,-5.89
CNN Website,https://adfontesmedia.com/cnn-bias-and-reliability/,42.14,-6.55
CNSNews,https://adfontesmedia.com/cnsnews-bias-and-reliability/,34.2,15.75
Code Switch,https://adfontesmedia.com/code-switch-bias-and-reliability/,36.87,-16.54
Colorado Daily,https://adfontesmedia.com/colorado-daily-bias-and-reliability/,45.38,-2.44
Columbia Journalism Review,https://adfontesmedia.com/columbia-journalism-review-bias-and-reliability/,43.22,-6.39
Comic Sands,https://adfontesmedia.com/comic-sands-bias-and-reliability/,27.39,-17.13
Common Dreams,https://adfontesmedia.com/common-dreams-bias-and-reliability/,38.95,-16.77
Conservative Review,https://adfontesmedia.com/conservative-review-bias-and-reliability/,27.59,17.84
Consider This from NPR,https://adfontesmedia.com/consider-this-from-npr-bias-and-reliability/,42.95,-5.97
Consortium News,https://adfontesmedia.com/consortium-news-bias-reliability/,24.38,-18.25
Cosmopolitan,https://adfontesmedia.com/cosmopolitan-bias-and-reliability/,23.43,-13.65
CounterPunch,https://adfontesmedia.com/counterpunch-bias-and-reliability/,20.98,-21.73
Crooks and Liars,https://adfontesmedia.com/crooks-and-liars-bias-and-reliability/,26.19,-21.12
CrossTalk,https://adfontesmedia.com/crosstalk-bias-and-reliability/,16.15,3.27
Cuomo,https://adfontesmedia.com/cuomo-bias-and-reliability/,31.05,-5.31
Cuomo Prime Time,https://adfontesmedia.com/cuomo-prime-time-bias-and-reliability/,33.47,-18
Current Affairs,https://adfontesmedia.com/current-affairs-bias-and-reliability/,34.3,-18.14
Daily Beast,https://adfontesmedia.com/daily-beast-bias-reliability/,33.49,-11.42
Daily Caller,https://adfontesmedia.com/daily-caller-bias-and-reliability/,31.74,15.13
Daily Dot,https://adfontesmedia.com/daily-dot-bias-and-reliability/,25.29,-10.16
Daily Herald-Chicago,https://adfontesmedia.com/daily-herald-chicago-bias-and-reliability/,46.05,-0.19
Daily Kos,https://adfontesmedia.com/daily-kos-bias-and-reliability/,27.38,-18.3
Daily Mail,https://adfontesmedia.com/daily-mail-bias-and-reliability/,31.68,4
Daily Torch,https://adfontesmedia.com/daily-torch-bias-and-reliability/,18.06,20.28
Daily Wire,https://adfontesmedia.com/daily-wire-bias-and-reliability/,31.05,13.21
Dallas Morning News,https://adfontesmedia.com/dallas-morning-news-bias-reliability/,43.8,-2.92
Dan Abrams Live,https://adfontesmedia.com/dan-abrams-live-bias-and-reliability/,35.16,6.36
Dark to Light with Frank & Beanz,https://adfontesmedia.com/dark-light-frank-beanz-bias-and-reliability/,14.29,24.25
Deadline,https://adfontesmedia.com/deadline-bias-and-reliability/,41.47,-4.73
Deadline White House,https://adfontesmedia.com/deadline-white-house-bias-and-reliability/,27.55,-20.39
Deadspin,https://adfontesmedia.com/deadspin-bias-and-reliability/,27.08,-14.48
Deconstructed,https://adfontesmedia.com/deconstructed-bias-and-reliability/,34.46,-13.63
Deep State Radio,https://adfontesmedia.com/deep-state-radio-bias-and-reliability/,40.22,-3.22
Defense News,https://adfontesmedia.com/defense-news-bias-and-reliability/,44.67,2.7
Democracy Now! TV Program,https://adfontesmedia.com/democracy-now-tv-program-bias-and-reliability/,35.87,-16.81
Democracy Now! Website,https://adfontesmedia.com/democracy-now-bias-and-reliability/,31.68,-16.15
Denver Post,https://adfontesmedia.com/denver-post-bias-and-reliability/,45.43,-2.86
Deseret News,https://adfontesmedia.com/deseret-news-bias-and-reliability/,42.29,2.55
Detroit Free Press,https://adfontesmedia.com/detroit-free-press-bias-and-reliability/,43.46,-5.43
Detroit News,https://adfontesmedia.com/detroit-news-bias-and-reliability/,45.92,-2.2
Diamond and Silk Crystal Clear,https://adfontesmedia.com/diamond-silk-crystal-clear-bias-and-reliability/,14.33,24.5
Divided We Fall,https://adfontesmedia.com/divided-we-fall-bias-and-reliability/,37.33,-3.16
Dollar and Sense Podcast,https://adfontesmedia.com/dollar-sense-podcast-bias-and-reliability/,42.11,-3.56
Don Lemon Tonight,https://adfontesmedia.com/don-lemon-tonight-bias-and-reliability/,31.24,-19.83
E! News,https://adfontesmedia.com/e-news-bias-and-reliability/,36.48,0.01
Early Start with Christine Romans,https://adfontesmedia.com/early-start-with-christine-romans-and-laura-jarrett/,43.2,-7.98
Economic Policy Institute,https://adfontesmedia.com/economic-policy-institute-bias-and-reliability/,42.04,-10.49
Education Week,https://adfontesmedia.com/education-week-bias-and-reliability/,43.11,-3.02
Elite Daily,https://adfontesmedia.com/elite-daily-bias-and-reliability/,34.05,-10.78
Elle,https://adfontesmedia.com/elle-bias-and-reliability/,36.48,-8.51
Engadget,https://adfontesmedia.com/engadget-bias-and-reliability/,44.33,-3.03
Entertainment Weekly,https://adfontesmedia.com/entertainment-weekly-bias-and-reliability/,41.16,-2.22
Erin Burnett OutFront,https://adfontesmedia.com/erin-burnett-outfront-bias-and-reliability/,37.32,-11.91
Esquire,https://adfontesmedia.com/esquire-bias-and-reliability/,27.09,-18.28
ET Online,https://adfontesmedia.com/et-online-bias-and-reliability/,42.41,-0.1
Face the Nation,https://adfontesmedia.com/face-the-nation-bias-and-reliability/,46.58,-3
FactCheck.org,https://adfontesmedia.com/factcheck-org-bias-and-reliability/,46.2,-1.76
Facts Matter with Roman Balmakov,https://adfontesmedia.com/facts-matter-roman-balmakov-bias-and-reliability/,27.29,16.67
FAIR,https://adfontesmedia.com/fair-bias-and-reliability/,32.6,-19.36
Fair Observer,https://adfontesmedia.com/fair-observer-bias-and-reliability/,36.19,-9.15
Fareed Zakaria GPS,https://adfontesmedia.com/fareed-zakaria-gps-bias-and-reliability/,38.58,-10.85
Fast Company,https://adfontesmedia.com/fast-company-bias-and-reliability/,41.04,-7.98
Fast Money,https://adfontesmedia.com/fast-money-bias-and-reliability/,39.11,-1.44
Financial Buzz,https://adfontesmedia.com/financial-buzz-bias-and-reliability/,46.59,-0.03
Financial Times,https://adfontesmedia.com/financial-times-bias-and-reliability/,44.47,-3.86
Firebrand with Matt Gaetz,https://adfontesmedia.com/firebrand-with-matt-gaetz-bias-and-reliability/,18.33,19.8
Firing Line with Margaret Hoover,https://adfontesmedia.com/firing-line-with-margaret-hoover-bias-and-reliability/,40.92,-1.17
Fiscal Times,https://adfontesmedia.com/fiscal-times-bias-and-reliability/,44.85,-0.38
FiveThirtyEight,https://adfontesmedia.com/fivethirtyeight-bias-and-reliability/,42.83,-6.35
FiveThirtyEight Politics,https://adfontesmedia.com/fivethirtyeight-politics-bias-and-reliability/,38.29,-9.05
Forbes,https://adfontesmedia.com/forbes-bias-and-reliability/,40.42,-2.75
Foreign Affairs,https://adfontesmedia.com/foreign-affairs-bias-and-reliability/,44.56,-6.55
Foreign Policy,https://adfontesmedia.com/foreign-policy-bias-and-reliability/,42.37,-4.19
Fortune,https://adfontesmedia.com/fortune-bias-and-reliability/,37.97,-1.7
Forward,https://adfontesmedia.com/forward-bias-and-reliability/,40.45,-7.37
Forward with Andrew Yang,https://adfontesmedia.com/forward-with-andrew-yang-bias-and-reliability/,32.89,-11.11
Fox & Friends,https://adfontesmedia.com/fox-friends-bias-and-reliability/,30.67,21
Fox & Friends First,https://adfontesmedia.com/fox-friends-first-bias-and-reliability/,35.67,13.42
Fox Business Tonight,https://adfontesmedia.com/fox-business-tonight-bias-and-reliability/,33.83,12.17
Fox Business Website,https://adfontesmedia.com/fox-business-bias-and-reliability/,38.55,9.31
Fox News @ Night w/ Trace Gallagher,https://adfontesmedia.com/fox-news-night-w-trace-gallagher-bias-and-reliability/,24.97,17.1
Fox News Primetime,https://adfontesmedia.com/fox-news-primetime-bias-and-reliability/,28.72,18.07
Fox News Rundown,https://adfontesmedia.com/fox-news-rundown-bias-and-reliability/,42.42,7.6
Fox News Sunday with Chris Wallace,https://adfontesmedia.com/fox-news-sunday-with-chris-wallace-bias-and-reliability/,40.02,12.78
Fox News Sunday with Shannon Bream,https://adfontesmedia.com/fox-news-sunday-shannon-bream-bias-and-reliability/,40.07,11.1
Fox News Website,https://adfontesmedia.com/fox-news-bias-and-reliability/,35.14,11.57
Frangela: The Final Word,https://adfontesmedia.com/frangela-the-final-word-bias-and-reliability/,18.07,-27.27
Freakonomics Radio,https://adfontesmedia.com/freakonomics-radio-bias-and-reliability/,40.67,-7.64
Fresh Air,https://adfontesmedia.com/fresh-air-bias-and-reliability/,43.67,-6.73
Frontline,https://adfontesmedia.com/frontline-bias-and-reliability/,47.89,-5.72
FrontPage Mag,https://adfontesmedia.com/frontpage-mag-bias-and-reliability/,17.86,23.94
Full Frontal with Samantha Bee,https://adfontesmedia.com/full-frontal-with-samantha-bee-bias-and-reliability/,24.61,-21.22
Full Measure,https://adfontesmedia.com/full-measure-bias-and-reliability/,42.2,6.3
Gaslit Nation,https://adfontesmedia.com/gaslit-nation-bias-and-reliability/,19.78,-29.5
Glamour,https://adfontesmedia.com/glamour-bias-and-reliability/,37.28,-8.75
Glenn Beck,https://adfontesmedia.com/glenn-beck-bias-and-reliability/,21.14,23.46
Glenn Greenwald,https://adfontesmedia.com/glenn-greenwald-bias-and-reliability/,36.42,10.91
Glenn TV,https://adfontesmedia.com/glenn-tv-bias-and-reliability/,16.12,17.89
Global News,https://adfontesmedia.com/global-news-bias-and-reliability/,44.54,-4.26
Good Morning America,https://adfontesmedia.com/good-morning-america-bias-and-reliability/,41.75,-4.81
Good News Network,https://adfontesmedia.com/good-news-network-bias-and-reliability/,42.57,-1.43
GQ,https://adfontesmedia.com/gq-bias-and-reliability/,36.13,-9.47
Graham Allen’s Dear America Podcast,https://adfontesmedia.com/graham-allens-dear-america-podcast-bias-reliability/,16.24,23.09
Greg Kelly Reports,https://adfontesmedia.com/greg-kelly-reports-bias-and-reliability/,19.43,22.73
Hacks on Tap,https://adfontesmedia.com/hacks-on-tap-bias-and-reliability/,45.67,-5.22
Hallie Jackson Reports,https://adfontesmedia.com/hallie-jackson-reports-bias-and-reliability/,42.78,-7.33
Hannity,https://adfontesmedia.com/hannity-bias-and-reliability/,17.7,24.3
Hard Factor News,https://adfontesmedia.com/hard-factor-news-bias-and-reliability/,23.56,5
Harper’s Bazaar,https://adfontesmedia.com/harpers-bazaar-bias-and-reliability/,43.02,-6.46
Hartford Courant,https://adfontesmedia.com/hartford-courant-bias-and-reliability/,47.42,-0.98
Hawaii News Now,https://adfontesmedia.com/hawaii-news-now-bias-and-reliability/,46.21,-0.12
Heavy,https://adfontesmedia.com/heavy-bias-and-reliability/,43.64,-2.71
Here’s Where it Gets Interesting,https://adfontesmedia.com/heres-where-gets-interesting-bias-reliability/,46.93,-1.85
High Country News,https://adfontesmedia.com/high-country-news-bias-and-reliability/,43.16,-8.92
Hill Reporter,https://adfontesmedia.com/hill-reporter-bias-and-reliability/,32.56,-13.11
Hodgetwins,https://adfontesmedia.com/hodgetwins-bias-and-reliability/,19,25.33
Hold These Truths with Dan Crenshaw,https://adfontesmedia.com/hold-these-truths-with-dan-crenshaw/,34.27,15.56
HotAir,https://adfontesmedia.com/hotair-bias-and-reliability/,24.77,12.78
Houston Chronicle,https://adfontesmedia.com/houston-chronicle-bias-and-reliability/,44.67,-4.12
Huckabee,https://adfontesmedia.com/huckabee-bias-and-reliability/,22.1,19.17
HuffPost,https://adfontesmedia.com/huffpost-bias-and-reliability/,37.89,-10.63
In the Bubble with Andy Slavitt,https://adfontesmedia.com/in-the-bubble-with-andy-slavitt-bias-and-reliability/,41.47,-8.92
In These Times,https://adfontesmedia.com/in-these-times-bias-reliability/,34.87,-17.96
Independent Journal Review,https://adfontesmedia.com/independent-journal-review-bias-and-reliability/,25.81,12.82
Indianapolis Star,https://adfontesmedia.com/indianapolis-star-bias-and-reliability/,48.57,-1.44
InfoWars,https://adfontesmedia.com/infowars-bias-and-reliability/,14.86,25.43
Inquisitr,https://adfontesmedia.com/inquisitr-bias-and-reliability/,32.46,-7.13
Inside Climate News,https://adfontesmedia.com/inside-climate-news-bias-and-reliability/,45.79,-9.2
Inside Politics With Abby Phillip,https://adfontesmedia.com/inside-politics-with-abby-phillip-bias-and-reliability/,38.44,-9.33
Inside Politics with John King,https://adfontesmedia.com/inside-politics-with-john-king-bias-and-reliability/,38.89,-8.78
Inside Story,https://adfontesmedia.com/inside-story-bias-and-reliability/,32.89,-19.78
Inside the Hive Podcast,https://adfontesmedia.com/inside-the-hive-podcast-bias-and-reliability/,35.67,-12.44
International Business Times,https://adfontesmedia.com/international-business-times-bias-and-reliability/,42.28,-2.74
Jacobin,https://adfontesmedia.com/jacobin-bias-and-reliability/,31.69,-21.47
Jesse Watters Primetime,https://adfontesmedia.com/jesse-watters-primetime-bias-and-reliability/,17.21,23.73
Jezebel,https://adfontesmedia.com/jezebel-bias-and-reliability/,29.2,-18.18
John Bachman Now,https://adfontesmedia.com/john-bachman-now-bias-and-reliability/,27.37,18.7
John Solomon Reports,https://adfontesmedia.com/john-solomon-reports-bias-and-reliability/,13.86,24.6
Jose Diaz-Balart Reports,https://adfontesmedia.com/jose-diaz-balart-reports-bias-and-reliability/,41.25,-10.31
Judicial Watch,https://adfontesmedia.com/judicial-watch-bias-and-reliability/,23.64,23.27
Junkee,https://adfontesmedia.com/junkee-bias-and-reliability/,38.96,-7.74
Just the News,https://adfontesmedia.com/just-the-news-bias-and-reliability/,33.06,10.93
Justice with Judge Jeanine,https://adfontesmedia.com/justice-with-judge-jeanine-bias-and-reliability/,17.1,25.4
Kansas City Star,https://adfontesmedia.com/kansas-city-star-bias-and-reliability/,43.24,-5.86
Kasich & Klepper,https://adfontesmedia.com/kasich-klepper-bias-and-reliability/,40.56,-1.44
Katy Tur Reports,https://adfontesmedia.com/katy-tur-reports-bias-and-reliability/,29.38,-16.39
Kennedy Saves the World,https://adfontesmedia.com/kennedy-saves-the-world-bias-and-reliability/,36,8
LA Times,https://adfontesmedia.com/la-times-bias-and-reliability/,43.01,-6.41
LA Weekly,https://adfontesmedia.com/la-weekly-bias-and-reliability/,43.99,-2.51
Laconia Daily Sun,https://adfontesmedia.com/laconia-daily-sun-bias-and-reliability/,45.36,0.4
Las Vegas Review-Journal,https://adfontesmedia.com/las-vegas-review-journal-bias-and-reliability/,42.4,3.06
Last Week Tonight with John Oliver,https://adfontesmedia.com/last-week-tonight-john-oliver-bias-and-reliability/,26.94,-16.87
Law and Crime,https://adfontesmedia.com/law-crime-bias-and-reliability/,45.63,-3.78
Lawrence Jones Cross Country,https://adfontesmedia.com/lawrence-jones-cross-country-bias-and-reliability/,30.89,17.25
"Left, Right & Center",https://adfontesmedia.com/left-right-center-bias-and-reliability/,39,-1.22
Let’s Talk Elections,https://adfontesmedia.com/lets-talk-elections-bias-and-reliability/,39.15,-6.4
Letters from an American – Heather Cox Richardson,https://adfontesmedia.com/letters-from-american-heather-cox-richardson-bias-reliability/,37.24,-12.77
LevinTV,https://adfontesmedia.com/levintv-bias-and-reliability/,16.67,24.92
Lex Fridman Podcast,https://adfontesmedia.com/lex-fridman-podcast-bias-and-reliability/,26.3,-3.7
Liberty Nation,https://adfontesmedia.com/liberty-nation-bias-and-reliability/,23.32,17.8
Life News,https://adfontesmedia.com/life-news-bias-and-reliability/,20.44,20
"Life, Liberty and Levin",https://adfontesmedia.com/life-liberty-and-levin-bias-and-reliability/,18.67,27.59
Lifesite News,https://adfontesmedia.com/lifesite-news-bias-and-reliability/,16.17,20.96
LifeZette,https://adfontesmedia.com/lifezette-bias-and-reliability/,22.01,22.32
Lindell TV,https://adfontesmedia.com/lindell-tv-bias-and-reliability/,12.75,28.33
Lost Debate,https://adfontesmedia.com/lost-debate-bias-and-reliability/,36.22,2.11
Louder With Crowder,https://adfontesmedia.com/louder-with-crowder-bias-and-reliability/,8.93,31.33
Lovett or Leave It,https://adfontesmedia.com/lovett-or-leave-it-bias-and-reliability/,22.18,-24.13
Mad Money,https://adfontesmedia.com/mad-money-bias-and-reliability/,36.33,1.22
Majority 54,https://adfontesmedia.com/majority-54-bias-and-reliability/,32.44,-18.8
Make Me Smart,https://adfontesmedia.com/make-me-smart-with-kai-and-molly-bias-and-reliability/,38.8,-9.42
Making Money with Charles Payne,https://adfontesmedia.com/making-money-with-charles-payne-bias-and-reliability/,38.83,6.41
Making Sense with Sam Harris,https://adfontesmedia.com/making-sense-with-sam-harris-bias-and-reliability/,34.17,1.87
Marine Corps Times,https://adfontesmedia.com/marine-corps-times-bias-and-reliability/,45.02,0.16
Marketplace,https://adfontesmedia.com/marketplace-bias-and-reliability/,44.89,-2
MarketWatch,https://adfontesmedia.com/marketwatch-bias-and-reliability/,41.41,-3.82
Mashable,https://adfontesmedia.com/mashable-bias-and-reliability/,40.27,-8.73
Mea Culpa with Michael Cohen,https://adfontesmedia.com/mea-culpa-with-michael-cohen-bias-and-reliability/,31.42,-21.08
Media Matters for America,https://adfontesmedia.com/media-matters-for-america-bias-and-reliability/,26.45,-15.06
MEDIAite,https://adfontesmedia.com/mediaite-bias-and-reliability/,37.25,-8.64
Meet the Press,https://adfontesmedia.com/meet-the-press-bias-and-reliability/,33.58,-10.62
Meet the Press NOW,https://adfontesmedia.com/mtp-daily-bias-and-reliability/,36.42,-13.47
MeidasTouch News,https://adfontesmedia.com/meidas-touch-bias-and-reliability/,27.07,-19.9
Mercury News,https://adfontesmedia.com/mercury-news-bias-and-reliability/,44.77,-3.08
Miami Herald,https://adfontesmedia.com/miami-herald-bias-and-reliability/,42.95,-7.01
Mic,https://adfontesmedia.com/mic-bias-and-reliability/,35.89,-15.74
Military Officers Association of America MOAA,https://adfontesmedia.com/moaa-bias-and-reliability/,41.56,-0.2
Military Times,https://adfontesmedia.com/military-times-bias-and-reliability/,46.49,-0.19
Milwaukee Journal Sentinel,https://adfontesmedia.com/milwaukee-journal-sentinel-bias-and-reliability/,46.99,-7.01
MintPress News,https://adfontesmedia.com/mintpress-news-bias-and-reliability/,34.03,-17.99
Mo News Podcast,https://adfontesmedia.com/mo-news-podcast-bias-reliability/,41.86,-6.4
Montana Free Press,https://adfontesmedia.com/montana-free-press-bias-and-reliability/,46.33,-3.8
Morning Brew,https://adfontesmedia.com/morning-brew-bias-and-reliability/,45.47,-0.22
Morning Joe,https://adfontesmedia.com/morning-joe-bias-and-reliability/,29.33,-14.7
Mother Jones,https://adfontesmedia.com/mother-jones-bias-and-reliability/,37.92,-15.24
Ms. Magazine,https://adfontesmedia.com/ms-magazine-bias-and-reliability/,37.77,-14.23
MSN.com,https://adfontesmedia.com/msn-com-bias-and-reliability/,26.4,-3.82
MSNBC Website,https://adfontesmedia.com/msnbc-bias-and-reliability/,34.45,-14.07
"Mueller, She Wrote",https://adfontesmedia.com/mueller-she-wrote-bias-and-reliability/,28,-13.33
Nasdaq,https://adfontesmedia.com/nasdaq-bias-and-reliability/,28.61,0.02
National Catholic Register,https://adfontesmedia.com/national-catholic-register-bias-and-reliability/,22.39,11.81
National Enquirer,https://adfontesmedia.com/national-enquirer-bias-and-reliability/,12.85,6.46
National File,https://adfontesmedia.com/national-file-bias-and-reliability/,21.07,20.35
National Report,https://adfontesmedia.com/national-report-bias-and-reliability/,16.58,21.33
National Review,https://adfontesmedia.com/national-review-bias-and-reliability/,31.01,13.37
Natural News,https://adfontesmedia.com/natural-news-bias-and-reliability/,9.27,28.1
Nature,https://adfontesmedia.com/nature-bias-and-reliability/,46.33,-1.48
Navy Times,https://adfontesmedia.com/navy-times-bias-and-reliability/,46.25,-0.18
NBC News Website,https://adfontesmedia.com/nbc-bias-and-reliability/,43.59,-5.77
NBC Nightly News with Lester Holt,https://adfontesmedia.com/nbc-nightly-news-with-lester-holt-bias-and-reliability/,46.52,-5.07
NBC: Today,https://adfontesmedia.com/nbc-today-bias-and-reliability/,41.83,-2.17
New Republic,https://adfontesmedia.com/new-republic-bias-and-reliability/,30.65,-17.23
New Statesman,https://adfontesmedia.com/new-statesman-bias-and-reliability/,40.13,-7.33
New York Daily News,https://adfontesmedia.com/new-york-daily-news-bias-and-reliability/,40.47,-8.12
New York Magazine,https://adfontesmedia.com/new-york-magazine-bias-reliability/,39.84,-9.95
New York Post,https://adfontesmedia.com/new-york-post-bias-and-reliability/,32.56,9.23
New York Sun,https://adfontesmedia.com/new-york-sun-bias-and-reliability/,31.1,13.11
News and Guts,https://adfontesmedia.com/news-guts-bias-and-reliability/,36.32,-12.61
NewsBusters,https://adfontesmedia.com/newsbusters-bias-and-reliability/,19.93,20.52
Newsday,https://adfontesmedia.com/newsday-bias-and-reliability/,46.75,-2.77
Newser,https://adfontesmedia.com/newser-bias-and-reliability/,36.61,-5.63
Newsmax Website,https://adfontesmedia.com/newsmax-bias-and-reliability/,29.91,13.78
NewsNation Live with Marni Hughes,https://adfontesmedia.com/newsnation-live-with-marni-hughes-bias-and-reliability/,43.63,1.98
NewsNation Prime,https://adfontesmedia.com/newsnation-prime-bias-and-reliability/,45.57,-0.43
NewsNation Website,https://adfontesmedia.com/newsnation-now-bias-reliability/,44.21,0.11
NewsNation: Morning in America,https://adfontesmedia.com/newsnation-morning-in-america-bias-and-reliability/,42.28,5.33
NewsNation: The Hill,https://adfontesmedia.com/newsnation-the-hill-bias-and-reliability/,33.54,4.73
NewsOne,https://adfontesmedia.com/newsone-bias-and-reliability/,35.03,-17.31
Newsweek,https://adfontesmedia.com/newsweek-bias-and-reliability/,38.16,-2.51
Newt’s World,https://adfontesmedia.com/newts-world-bias-and-reliability/,32.92,17.4
Nightline,https://adfontesmedia.com/nightline-bias-and-reliability/,48.58,-4.33
NJ.com,https://adfontesmedia.com/nj-com-bias-and-reliability/,44.47,-1.69
No Agenda,https://adfontesmedia.com/no-agenda-bias-and-reliability/,21.17,20.33
No Lie with Brian Tyler Cohen,https://adfontesmedia.com/no-lie-with-brian-tyler-cohen-bias-and-reliability/,30.87,-20.3
NOLA.com,https://adfontesmedia.com/nola-com-bias-and-reliability/,47.64,-1.97
NowThis News,https://adfontesmedia.com/nowthis-news-bias-and-reliability/,41.47,-7.95
NPR News Now,https://adfontesmedia.com/npr-news-now-bias-and-reliability/,49.33,-0.28
NPR Website,https://adfontesmedia.com/npr-bias-and-reliability/,43.19,-4.29
OAN Network Website,https://adfontesmedia.com/oann-one-america-news-network-bias-and-reliability/,27.89,14.38
Observer,https://adfontesmedia.com/observer-bias-and-reliability/,44.78,-5.41
Occupy Democrats,https://adfontesmedia.com/occupy-democrats-bias-and-reliability/,25.3,-21.06
Omaha World-Herald,https://adfontesmedia.com/omaha-world-herald-bias-and-reliability/,46.33,-0.38
On Balance with Leland Vittert,https://adfontesmedia.com/on-balance-with-leland-vittert-bias-and-reliability/,30.92,13.2
On Point,https://adfontesmedia.com/on-point-bias-and-reliability/,43.58,-2.83
On the Media,https://adfontesmedia.com/on-the-media-bias-and-reliability/,40.13,-15.65
One Nation w/ Brian Kilmeade,https://adfontesmedia.com/one-nation-w-brian-kilmeade-bias-and-reliability/,26.1,19.24
Open to Debate,https://adfontesmedia.com/intelligence-squared-us-bias-and-reliability/,40.87,-4.21
Orange County Register,https://adfontesmedia.com/orange-county-register-bias-and-reliability/,40.54,5.57
Orlando Sentinel,https://adfontesmedia.com/orlando-sentinel-bias-and-reliability/,45.01,-6.8
Outnumbered,https://adfontesmedia.com/outnumbered-bias-and-reliability/,22.75,24.58
Outside Online,https://adfontesmedia.com/outside-online-bias-and-reliability/,39.56,-7.16
OZY,https://adfontesmedia.com/ozy-bias-and-reliability/,40.56,-7.4
Page Six,https://adfontesmedia.com/page-six-bias-and-reliability/,36.86,0.57
Palmer Report,https://adfontesmedia.com/palmer-report-bias-and-reliability/,18.07,-25.03
Panorama,https://adfontesmedia.com/panorama-bias-and-reliability/,48.67,-7.58
Pantsuit Politics,https://adfontesmedia.com/pantsuit-politics-bias-and-reliability/,31,-15.42
Part of the Problem,https://adfontesmedia.com/part-of-problem-bias-and-reliability/,11.89,16
Paste Magazine,https://adfontesmedia.com/paste-magazine-bias-and-reliability/,35.13,-11.56
Pat Gray Unleashed,https://adfontesmedia.com/pat-gray-unleashed-bias-and-reliability/,17.08,23.67
Patch,https://adfontesmedia.com/patch-bias-and-reliability/,46.09,-3.54
PBS,https://adfontesmedia.com/pbs-bias-and-reliability/,43.96,-4.02
PBS Newshour,https://adfontesmedia.com/pbs-newshour-bias-and-reliability/,43.33,-9.49
People & Power,https://adfontesmedia.com/people-power-bias-and-reliability/,46.47,-8.42
People Magazine,https://adfontesmedia.com/people-magazine-bias-and-reliability/,41.59,-5.82
Philadelphia Inquirer,https://adfontesmedia.com/philadelphia-inquirer-bias-and-reliability/,37.67,-11.28
Pittsburgh Post-Gazette,https://adfontesmedia.com/pittsburgh-post-gazette-bias-and-reliability/,47.59,-0.45
Pivot,https://adfontesmedia.com/pivot-bias-and-reliability/,31.94,-13.17
PJ Media,https://adfontesmedia.com/pj-media-bias-and-reliability/,18.69,21.71
Planet Money,https://adfontesmedia.com/planet-money-bias-and-reliability/,42.87,-0.07
Pod is a Woman,https://adfontesmedia.com/pod-is-a-woman-bias-and-reliability/,42.33,-12
Pod Save America,https://adfontesmedia.com/pod-save-america-bias-and-reliability/,27.56,-23.86
Pod Save the People,https://adfontesmedia.com/pod-save-people-bias-and-reliability/,35.56,-13.22
Pod Save the World,https://adfontesmedia.com/pod-save-the-world-bias-and-reliability/,35.73,-17.36
Political Gabfest,https://adfontesmedia.com/political-gabfest-bias-and-reliability/,40.27,-12.27
Politically Re-Active with W. Kamau Bell & Hari Kondabolu,https://adfontesmedia.com/politically-re-active-bell-kondabolu-bias-and-reliability/,34.67,-16.67
Politico,https://adfontesmedia.com/politico-bias-and-reliability/,42.49,-5.7
Politico Playbook Daily Briefing,https://adfontesmedia.com/politico-playbook-daily-briefing-bias-and-reliability/,42.78,-4.56
Politico’s Pulse Check,https://adfontesmedia.com/politicos-pulse-check-bias-and-reliability/,43.58,-0.5
Politicology,https://adfontesmedia.com/politicology-bias-and-reliability/,33.11,-8.33
Politics War Room with James Carville & Al Hunt,https://adfontesmedia.com/politics-war-room-james-carville-al-hunt-bias-and-reliability/,33.25,-15.27
PoliticsNation with Al Sharpton,https://adfontesmedia.com/politicsnation-with-al-sharpton-bias-and-reliability/,30.33,-20.67
Politicus USA,https://adfontesmedia.com/politicus-usa-bias-reliability/,30.82,-16.24
Politifact,https://adfontesmedia.com/politifact-bias-and-reliability/,44.67,-3.51
Pop Smoke Media,https://adfontesmedia.com/pop-smoke-media-bias-and-reliability/,42.82,2.05
Popsugar,https://adfontesmedia.com/popsugar-bias-and-reliability/,35.62,-12.33
Popular Information,https://adfontesmedia.com/popular-information-bias-and-reliability/,40.02,-14.14
Poynter,https://adfontesmedia.com/poynter-bias-and-reliability/,41.45,-7.42
PragerU,https://adfontesmedia.com/prageru-bias-reliability/,23.13,18.71
ProPublica,https://adfontesmedia.com/propublica-bias-and-reliability/,47.12,-6.59
QAnon Anonymous,https://adfontesmedia.com/qanon-anonymous-bias-and-reliability/,33.89,-8.37
Quartz,https://adfontesmedia.com/quartz-bias-and-reliability/,43.87,-4.77
Quillette,https://adfontesmedia.com/quillette-bias-and-reliability/,37.67,9.33
Radio Times,https://adfontesmedia.com/radio-times-bias-and-reliability/,39.8,-0.04
Rantt Media,https://adfontesmedia.com/rantt-media-bias-and-reliability/,38.2,-15.33
Rasmussen Reports,https://adfontesmedia.com/rasmussen-reports-bias-and-reliability/,33.99,14.11
Rational Security,https://adfontesmedia.com/rational-security-bias-and-reliability/,38.44,-6.5
Raw Story,https://adfontesmedia.com/raw-story-bias-and-reliability/,34.62,-14.37
Real America,https://adfontesmedia.com/real-america-bias-and-reliability/,12.46,26
Real Change News,https://adfontesmedia.com/real-change-news-bias-and-reliability/,41.61,-9.18
Real Coffee With Scott Adams,https://adfontesmedia.com/real-coffee-scott-adams-bias-and-reliability/,18,18.17
Real News Network,https://adfontesmedia.com/real-news-network-bias-and-reliability/,36.79,-17.53
Real Raw News,https://adfontesmedia.com/real-raw-news-bias-and-reliability/,3.84,30.3
Real Time with Bill Maher,https://adfontesmedia.com/real-time-with-bill-maher-bias-and-reliability/,33.58,-9.17
RealClearDefense,https://adfontesmedia.com/realcleardefense-bias-and-reliability/,40.31,5.83
RealClearPolitics,https://adfontesmedia.com/realclear-politics-bias-and-reliability/,26.9,14.45
Reason,https://adfontesmedia.com/reason-bias-and-reliability/,36.43,5.44
Red Eagle Politics,https://adfontesmedia.com/red-eagle-politics-bias-and-reliability/,26.87,20.31
RedState,https://adfontesmedia.com/redstate-bias-and-reliability/,21.85,22.22
Relatable with Allie Beth Stuckey,https://adfontesmedia.com/relatable-with-allie-beth-stuckey-bias-and-reliability/,35.25,10.97
Reliable Sources,https://adfontesmedia.com/reliable-sources-bias-and-reliability/,32.63,-14.97
Republican-American,https://adfontesmedia.com/republican-american-bias-and-reliability/,45.72,-1.87
Reuters,https://adfontesmedia.com/reuters-bias-and-reliability/,45.65,-1.18
Reveal,https://adfontesmedia.com/reveal-bias-and-reliability/,39.81,-8.94
Reveal Podcast,https://adfontesmedia.com/reveal-podcast-bias-and-reliability/,45.22,-15.83
Right Wing Watch,https://adfontesmedia.com/right-wing-watch-bias-and-reliability/,26.97,-18.29
Rob Schmitt Tonight,https://adfontesmedia.com/rob-schmitt-tonight-bias-and-reliability/,18.76,23.53
Roll Call,https://adfontesmedia.com/roll-call-bias-and-reliability/,46.27,-3.31
Rolling Stone,https://adfontesmedia.com/rolling-stone-bias-and-reliability/,26.09,-13.58
Ron Paul Liberty Report,https://adfontesmedia.com/ron-paul-liberty-report-bias-and-reliability/,23.14,17.13
Rough Translation,https://adfontesmedia.com/rough-translation-bias-and-reliability/,42.67,-9.19
RT,https://adfontesmedia.com/rt-bias-and-reliability/,28.66,11.46
RT News,https://adfontesmedia.com/rt-news-bias-and-reliability/,24.11,23.56
RTTNews,https://adfontesmedia.com/rttnews-bias-and-reliability/,42.85,-2.37
Rudy Giuliani’s Common Sense,https://adfontesmedia.com/rudy-giulianis-common-sense-bias-and-reliability/,15.42,24.59
Rumble with Michael Moore,https://adfontesmedia.com/rumble-with-michael-moore-bias-and-reliability/,24.95,-22.14
Ruthless,https://adfontesmedia.com/ruthless-bias-and-reliability/,32.75,15.49
Sacramento Bee,https://adfontesmedia.com/sacramento-bee-bias-and-reliability/,44.52,-8.2
Salon,https://adfontesmedia.com/salon-bias-and-reliability/,32.53,-14.05
Salt Lake Tribune,https://adfontesmedia.com/salt-lake-tribune-bias-and-reliability/,46.32,-1.2
San Diego Union-Tribune,https://adfontesmedia.com/san-diego-union-tribune-bias-and-reliability/,45.78,-1.82
San Francisco Chronicle,https://adfontesmedia.com/san-francisco-chronicle-bias-and-reliability/,44.98,-6.06
Saturday Agenda,https://adfontesmedia.com/saturday-agenda-bias-and-reliability/,21.56,22.58
Save the Nation,https://adfontesmedia.com/save-the-nation-bias-and-reliability/,25.89,20.73
ScienceNews,https://adfontesmedia.com/sciencenews-bias-and-reliability/,47.37,-1.86
Scientific American,https://adfontesmedia.com/scientific-american-bias-and-reliability/,37.98,-10.08
Scripps News,https://adfontesmedia.com/scripps-news-bias-and-reliability/,44.43,-1.26
Seattle Times,https://adfontesmedia.com/seattle-times-bias-and-reliability/,40.82,-7.29
SeattlePI,https://adfontesmedia.com/seattlepi-bias-and-reliability/,44.61,-2.77
Second Nexus,https://adfontesmedia.com/second-nexus-bias-and-reliability/,25.51,-19.7
Sekulow,https://adfontesmedia.com/sekulow-bias-and-reliability/,26.94,17.25
Semafor,https://adfontesmedia.com/semafor-bias-and-reliability/,40.14,-5.92
SF Examiner,https://adfontesmedia.com/sf-examiner-bias-and-reliability/,43.35,-8.28
SFGate,https://adfontesmedia.com/sfgate-bias-and-reliability/,43.52,-1.26
Shadowproof,https://adfontesmedia.com/shadowproof-bias-and-reliability/,35.5,-23.23
Skimm This,https://adfontesmedia.com/skimm-this-bias-and-reliability/,43.25,-9.71
Sky News,https://adfontesmedia.com/sky-news-bias-and-reliability/,42.16,-0.85
Slate,https://adfontesmedia.com/slate-bias-and-reliability/,35.03,-13.7
SmartLess,https://adfontesmedia.com/smartless-bias-and-reliability/,35.5,-15.97
Smerconish,https://adfontesmedia.com/smerconish-bias-and-reliability/,35.42,1.8
Smithsonian Magazine,https://adfontesmedia.com/smithsonian-magazine-bias-and-reliability/,45.28,-4.16
Snopes,https://adfontesmedia.com/snopes-bias-and-reliability/,44.44,-2.31
Sojourners,https://adfontesmedia.com/sojourners-bias-and-reliability/,39.16,-12.8
South China Morning Post,https://adfontesmedia.com/south-china-morning-post-bias-and-reliability/,41.61,-3.25
Special Report w/Bret Baier,https://adfontesmedia.com/special-report-w-bret-baier-bias-and-reliability/,44.33,8.93
Spicer & Co.,https://adfontesmedia.com/spicer-co-bias-and-reliability/,20.71,21.13
Sputnik International News,https://adfontesmedia.com/sputnik-international-news-bias-and-reliability/,35.83,7.13
St. Louis Post-Dispatch,https://adfontesmedia.com/st-louis-post-dispatch/,44.66,-8.21
Stand Up! with Pete Dominick,https://adfontesmedia.com/stand-up-with-pete-dominick-bias-and-reliability/,24.89,-20.6
Stars and Stripes,https://adfontesmedia.com/stars-and-stripes-bias-reliability/,48.79,0.45
Start Here,https://adfontesmedia.com/start-here-bias-and-reliability/,45.19,-4.83
Stat News,https://adfontesmedia.com/stat-news-bias-and-reliability/,44.16,-2.54
State of the Union with Jake Tapper and Dana Bash,https://adfontesmedia.com/state-of-the-union-with-jake-tapper-and-dana-bash-bias-and-reliability/,39.17,-7.92
Stay Tuned with Preet,https://adfontesmedia.com/stay-tuned-with-preet-bias-and-reliability/,41.47,-13.43
Staying Home with Josh Fox,https://adfontesmedia.com/staying-home-with-josh-fox-bias-and-reliability/,31.76,-26
Stephanie Miller’s Happy Hour,https://adfontesmedia.com/stephanie-millers-happy-hour-bias-and-reliability/,28.58,-22.14
Stephanie Ruhle Reports,https://adfontesmedia.com/stephanie-ruhle-reports-bias-and-reliability/,37.33,-11.11
Stinchfield,https://adfontesmedia.com/stinchfield-bias-and-reliability/,15.68,25.92
Straight Arrow News,https://adfontesmedia.com/straight-arrow-news-bias-and-reliability/,43.31,0.68
Stu Does America,https://adfontesmedia.com/stu-does-america-bias-and-reliability/,28.56,18.2
Stuff You Should Know,https://adfontesmedia.com/stuff-you-should-know-bias-and-reliability/,38.61,-4.81
Sun Sentinel,https://adfontesmedia.com/sun-sentinel-bias-and-reliability/,44.12,-6.04
Sunday Night in America with Trey Gowdy,https://adfontesmedia.com/sunday-night-in-america-with-trey-gowdy-bias-and-reliability/,35.42,12
Sunday Papers,https://adfontesmedia.com/sunday-papers-bias-and-reliability/,24,-6.81
Sunday Today with Willie Geist,https://adfontesmedia.com/sunday-today-with-willie-geist-bias-and-reliability/,41.89,-6.59
Symone,https://adfontesmedia.com/symone-bias-and-reliability/,34,-17.17
Syracuse Post-Standard,https://adfontesmedia.com/syracuse-post-standard-bias-and-reliability/,46.7,-2.87
Talking Points Memo,https://adfontesmedia.com/talking-points-memo-bias-and-reliability/,37.97,-11.46
Tampa Bay Times,https://adfontesmedia.com/tampa-bay-times-bias-and-reliability/,45.56,-3.28
Tangle,https://adfontesmedia.com/tangle-bias-and-reliability/,43.04,1.58
TechCrunch,https://adfontesmedia.com/techcrunch-bias-and-reliability/,45.4,-0.42
Teen Vogue,https://adfontesmedia.com/teen-vogue-bias-and-reliability/,37.79,-15.5
Tennessean,https://adfontesmedia.com/tennessean-bias-and-reliability/,47.13,-1.79
TGP FactCheck,https://adfontesmedia.com/tgp-factcheck-bias-and-reliability/,17.73,19.37
The 11th Hour with Brian Williams,https://adfontesmedia.com/11th-hour-with-brian-williams-bias-and-reliability/,38.52,-17.39
The 11th Hour With Stephanie Ruhle,https://adfontesmedia.com/11th-hour-with-stephanie-ruhle-bias-and-reliability/,34.93,-16.43
The Advocate – Baton Rouge,https://adfontesmedia.com/advocate-bias-and-reliability/,45.85,-4
The Al Franken Podcast,https://adfontesmedia.com/al-franken-podcast-bias-and-reliability/,32.8,-20.12
The Alex Jones Show,https://adfontesmedia.com/alex-jones-show-bias-and-reliability/,6.67,31.67
The American Conservative,https://adfontesmedia.com/american-conservative-bias-and-reliability/,31.63,14.44
The American Legion,https://adfontesmedia.com/american-legion-bias-and-reliability/,41.16,2.92
The American Prospect,https://adfontesmedia.com/the-american-prospect-bias-and-reliability/,31.01,-16.22
The American Spectator,https://adfontesmedia.com/american-spectator-bias-and-reliability/,18.23,23.07
The Andrew Klavan Show,https://adfontesmedia.com/andrew-klavan-show-bias-and-reliability/,9.95,27.54
The Argument,https://adfontesmedia.com/the-argument-bias-and-reliability/,39.33,-11.82
The Atlantic,https://adfontesmedia.com/the-atlantic-bias-and-reliability/,38.42,-8.84
The Axe Files with David Axelrod,https://adfontesmedia.com/the-axe-files-with-david-axelrod-bias-and-reliability/,39.83,-12.32
The Beat with Ari Melber,https://adfontesmedia.com/the-beat-with-ari-melber-bias-and-reliability/,31.05,-18.67
The Ben Ferguson Podcast,https://adfontesmedia.com/ben-ferguson-podcast-bias-and-reliability/,11.69,27.33
The Ben Shapiro Show,https://adfontesmedia.com/ben-shapiro-show-bias-and-reliability/,23.41,20.62
The Big Sunday Show,https://adfontesmedia.com/big-sunday-show-bias-and-reliability/,29.89,16.22
The Blaze,https://adfontesmedia.com/blaze-bias-and-reliability/,32.5,13.64
The Bottom Line,https://adfontesmedia.com/bottom-line-bias-and-reliability/,38.67,-10.5
The Breakdown with Shaun King,https://adfontesmedia.com/breakdown-with-shaun-king-bias-and-reliability/,29.44,-19.67
The Breakfast Club,https://adfontesmedia.com/breakfast-club-bias-and-reliability/,30.08,-15.2
The Briefing,https://adfontesmedia.com/the-briefing-bias-and-reliability/,41.53,-15.89
The Brilliant Idiots,https://adfontesmedia.com/brilliant-idiots-bias-and-reliability/,28.17,-4.48
The Bulwark,https://adfontesmedia.com/the-bulwark-bias-and-reliability/,34.35,-3.51
The Bulwark Podcast,https://adfontesmedia.com/bulwark-podcast-bias-reliability/,35.27,-9.26
The Business Journals,https://adfontesmedia.com/the-business-journals-bias-and-reliability/,46.15,-0.11
The Candace Owens Show,https://adfontesmedia.com/candace-owens-show-bias-and-reliability/,16.38,26.59
The Chad Prather Show,https://adfontesmedia.com/chad-prather-show-bias-and-reliability/,21.44,22.73
The Charlie Kirk Show,https://adfontesmedia.com/charlie-kirk-show-bias-and-reliability/,13.03,26.52
The Christian Post,https://adfontesmedia.com/the-christian-post-bias-and-reliability/,36.29,10.41
The College Fix,https://adfontesmedia.com/the-college-fix-bias-and-reliability/,33.24,10.85
The Conversation,https://adfontesmedia.com/conversation-bias-and-reliability/,40.73,-4.24
The Cross Connection with Tiffany Cross,https://adfontesmedia.com/cross-connection-tiffany-cross-bias-and-reliability/,30.22,-22.44
The Cut,https://adfontesmedia.com/cut-bias-and-reliability/,32.69,-15.26
The Daily Beans,https://adfontesmedia.com/daily-beans-bias-and-reliability/,32.75,-18.53
The Daily,https://adfontesmedia.com/the-daily-bias-and-reliability/,42.33,-9.57
The Daily Punch,https://adfontesmedia.com/daily-punch-bias-and-reliability/,41.22,-0.67
The Daily Show With Trevor Noah: Ears Edition,https://adfontesmedia.com/trevor-noah-ears-edition-bias-reliability/,30.78,-16.5
The Daily Signal,https://adfontesmedia.com/daily-signal-bias-and-reliability/,21.31,17.96
The Damage Report with John Iadarola,https://adfontesmedia.com/damage-report-with-john-iadarola-bias-and-reliability/,22.62,-23.42
The Dan Bongino Show,https://adfontesmedia.com/dan-bongino-show-bias-and-reliability/,13.79,28.9
The David Pakman Show,https://adfontesmedia.com/the-david-pakman-show-bias-and-reliability/,36.83,-14.8
The Deal,https://adfontesmedia.com/the-deal-bias-and-reliability/,41.88,-2.64
The Debate,https://adfontesmedia.com/the-debate-bias-and-reliability/,38,5.21
The Dershow,https://adfontesmedia.com/the-dershow-bias-and-reliability/,33.93,9.18
The Devin Nunes Podcast,https://adfontesmedia.com/devin-nunes-podcast-bias-and-reliability/,31.89,14.44
The Dinesh D’Souza Podcast,https://adfontesmedia.com/dinesh-dsouza-podcast-bias-and-reliability/,21.9,22.12
The Dispatch,https://adfontesmedia.com/the-dispatch-bias-reliability/,41.12,5.36
The Donlon Report,https://adfontesmedia.com/donlon-report-bias-and-reliability/,38.24,8.92
The Economist Asks,https://adfontesmedia.com/economist-asks-bias-and-reliability/,40.33,-1.78
The Economist,https://adfontesmedia.com/the-economist-bias-and-reliability/,42.39,-1.54
The Epoch Times,https://adfontesmedia.com/epoch-times-bias-and-reliability/,24.11,16.63
The Evening Times,https://adfontesmedia.com/the-evening-times-bias-and-reliability/,41.71,1.48
The Ezra Klein Show,https://adfontesmedia.com/ezra-klein-show-bias-and-reliability/,42.08,-8.13
The Faulkner Focus,https://adfontesmedia.com/faulkner-focus-bias-and-reliability/,29.25,19.06
The Federalist,https://adfontesmedia.com/federalist-bias-and-reliability/,22.3,18.99
The Fifth Column,https://adfontesmedia.com/fifth-column-bias-and-reliability/,33.47,6.69
The Five,https://adfontesmedia.com/fox-news-five-bias-and-reliability/,25.63,17.56
The Fourth Watch Podcast,https://adfontesmedia.com/fourth-watch-podcast-bias-and-reliability/,36.92,-4.19
The Gateway Pundit,https://adfontesmedia.com/gateway-pundit-bias-and-reliability/,14.99,23.82
The Gist,https://adfontesmedia.com/the-gist-bias-and-reliability/,33.67,-10.47
The Glenn Beck Program,https://adfontesmedia.com/glenn-beck-program-bias-and-reliability/,15.14,28.17
The Globe and Mail,https://adfontesmedia.com/globe-and-mail-bias-and-reliability/,44.04,-1.15
The Gorka Reality Check,https://adfontesmedia.com/the-gorka-reality-check-bias-and-reliability/,19.67,22.42
The Grayzone,https://adfontesmedia.com/grayzone-bias-reliability/,17.88,-24.87
The Guardian,https://adfontesmedia.com/the-guardian-bias-and-reliability/,40.83,-7.93
The Hartmann Report,https://adfontesmedia.com/hartmann-report-bias-and-reliability/,23.61,-21.11
The Hill,https://adfontesmedia.com/hill-bias-and-reliability/,42.08,-1.26
The Holy Post Podcast,https://adfontesmedia.com/the-holy-post-podcast-bias-and-reliability/,33.56,-9.89
The Independent,https://adfontesmedia.com/independent-bias-and-reliability/,38.57,-7.48
The Ingraham Angle,https://adfontesmedia.com/ingraham-angle-bias-and-reliability/,20.01,25.71
The Intercept,https://adfontesmedia.com/intercept-bias-and-reliability/,37.57,-15.08
The Jimmy Dore Show,https://adfontesmedia.com/jimmy-dore-show-bias-and-reliability/,12.33,-25.07
The Joe Rogan Experience,https://adfontesmedia.com/joe-rogan-experience-bias-and-reliability/,17.49,6.44
The Journal Editorial Report,https://adfontesmedia.com/journal-editorial-report-bias-and-reliability/,39.89,8.22
The Journal.,https://adfontesmedia.com/the-journal-bias-and-reliability/,48.87,-0.27
The Katie Phang Show,https://adfontesmedia.com/katie-phang-show-bias-and-reliability/,33.83,-17
The Larry Elder Show,https://adfontesmedia.com/larry-elder-show-bias-and-reliability/,27.89,19.5
The Larry Kudlow Show,https://adfontesmedia.com/the-larry-kudlow-show-bias-and-reliability/,22.41,19
The Last Refuge,https://adfontesmedia.com/the-last-refuge-bias-and-reliability/,18.89,22.02
The Last Word with Lawrence O’Donnell,https://adfontesmedia.com/last-word-with-lawrence-odonnell-bias-reliability/,28.25,-19.88
The Lawfare Podcast,https://adfontesmedia.com/lawfare-podcast-bias-and-reliability/,41.33,-5.56
The Lead with Jake Tapper,https://adfontesmedia.com/lead-with-jake-tapper-bias-and-reliability/,36.9,-15.19
The Libertarian,https://adfontesmedia.com/libertarian-bias-and-reliability/,38.22,1.67
The Libertarian Republic,https://adfontesmedia.com/libertarian-republic-bias-and-reliability/,33.06,11.25
The Liberty Loft,https://adfontesmedia.com/liberty-loft-bias-and-reliability/,20.99,18.67
The Lincoln Project,https://adfontesmedia.com/lincoln-project-bias-and-reliability/,27.33,-10.71
The Listening Post,https://adfontesmedia.com/the-listening-post-bias-and-reliability/,34.53,-10.56
The Majority Report with Sam Seder,https://adfontesmedia.com/majority-report-sam-seder-bias-and-reliability/,35.22,-17.42
The Mark Levin Show,https://adfontesmedia.com/mark-levin-show-bias-and-reliability/,10.35,30.47
The Mary Trump Show,https://adfontesmedia.com/mary-trump-show-bias-and-reliability/,20.33,-20.25
The Matt Walsh Show,https://adfontesmedia.com/matt-walsh-show-bias-and-reliability/,19.16,24.52
The McCarthy Report,https://adfontesmedia.com/mccarthy-report-bias-and-reliability/,42.67,7.67
The Media Roundtable with Dan Granger,https://adfontesmedia.com/media-roundtable-bias-and-reliability/,40.11,1.56
The Megyn Kelly Show,https://adfontesmedia.com/megyn-kelly-show-bias-and-reliability/,33.37,13.51
The Mehdi Hasan Show,https://adfontesmedia.com/mehdi-hasan-show-bias-and-reliability/,31,-19
The MeidasTouch Podcast,https://adfontesmedia.com/meidastouch-podcast-bias-and-reliability/,24.95,-18.39
The Messenger,https://adfontesmedia.com/the-messenger-bias-and-reliability/,40.7,4.89
The Michael Knowles Show,https://adfontesmedia.com/michael-knowles-show-bias-and-reliability/,16.78,25.94
The Michael Savage Show,https://adfontesmedia.com/michael-savage-show-bias-and-reliability/,12.6,26.94
The Minnesota Star Tribune,https://adfontesmedia.com/minnesota-star-tribune-bias-and-reliability/,46.15,-3.12
The Mirror,https://adfontesmedia.com/mirror-bias-and-reliability/,26.81,-3.42
The Moscow Times,https://adfontesmedia.com/moscow-times-bias-and-reliability/,44.53,-0.02
The Mother Jones Podcast,https://adfontesmedia.com/mother-jones-podcast-bias-and-reliability/,38.89,-10.56
The Motley Fool,https://adfontesmedia.com/motley-fool-bias-and-reliability/,42.09,-0.46
The Nation,https://adfontesmedia.com/nation-bias-and-reliability/,31.89,-18.8
The New Abnormal,https://adfontesmedia.com/the-new-abnormal-bias-and-reliability/,15.42,-23.2
The New American,https://adfontesmedia.com/the-new-american-bias-and-reliability/,15.67,22.56
The New York Times,https://adfontesmedia.com/new-york-times-bias-and-reliability/,41.95,-7.73
The New Yorker,https://adfontesmedia.com/new-yorker-bias-and-reliability/,40.93,-12.32
The New Yorker Radio Hour,https://adfontesmedia.com/new-yorker-radio-hour/,44.55,-11.65
The News & Why It Matters,https://adfontesmedia.com/news-why-it-matters-bias-and-reliability/,20.14,22.29
The News with Shepard Smith,https://adfontesmedia.com/news-with-shepard-smith-bias-and-reliability/,44.28,-9.3
The Next Revolution with Steve Hilton,https://adfontesmedia.com/next-revolution-with-steve-hilton-bias-and-reliability/,23.39,25.86
The NPR Politics Podcast,https://adfontesmedia.com/the-npr-politics-podcast-bias-and-reliability/,42.67,-6.31
The Oregonian,https://adfontesmedia.com/oregonian-bias-and-reliability/,46.27,-3.82
The Patriot Post,https://adfontesmedia.com/patriot-post-bias-and-reliability/,18.87,19.6
The People’s Voice,https://adfontesmedia.com/newspunch-bias-and-reliability/,14.27,24.69
The PoliticsGirl Podcast,https://adfontesmedia.com/politicsgirl-podcast-bias-and-reliability/,23.44,-18.87
The President’s Inbox,https://adfontesmedia.com/the-presidents-inbox-bias-and-reliability/,44.44,-1.67
The Problem With Jon Stewart,https://adfontesmedia.com/problem-jon-stewart-bias-and-reliability/,28.61,-16.33
The Progressive,https://adfontesmedia.com/progressive-bias-and-reliability/,34.79,-18.16
The Rachel Maddow Show,https://adfontesmedia.com/rachel-maddow-show-bias-and-reliability/,36.71,-17.67
The Real Story,https://adfontesmedia.com/the-real-story-bias-and-reliability/,46.89,-1.44
The Realignment,https://adfontesmedia.com/the-realignment-bias-and-reliability/,39.89,1.33
The Reason Roundtable,https://adfontesmedia.com/reason-roundtable-bias-and-reliability/,36.87,6.21
The Record with Greta Van Susteren,https://adfontesmedia.com/the-record-with-greta-van-susteren-bias-and-reliability/,32.6,14.67
The ReidOut,https://adfontesmedia.com/reidout-bias-and-reliability/,23.73,-20.7
The Remnant,https://adfontesmedia.com/remnant-bias-and-reliability/,38.67,6.22
The Right Scoop,https://adfontesmedia.com/the-right-scoop-bias-and-reliability/,21.06,22.53
The Right View with Lara Trump,https://adfontesmedia.com/the-right-view-with-lara-trump-bias-and-reliability/,25.89,18.87
The Root,https://adfontesmedia.com/root-bias-and-reliability/,26.43,-18.51
The Rubin Report,https://adfontesmedia.com/rubin-report-bias-and-reliability/,22.24,22.97
The Sean Hannity Show,https://adfontesmedia.com/sean-hannity-show-bias-and-reliability/,14.52,24.52
The Sharyl Attkisson Podcast,https://adfontesmedia.com/sharyl-attkisson-podcast-bias-and-reliability/,38.11,6.28
The Situation Room,https://adfontesmedia.com/situation-room-bias-and-reliability/,42.04,-11.59
The Skepticrat,https://adfontesmedia.com/the-skepticrat-bias-and-reliability/,15.09,-26.2
The Skimm,https://adfontesmedia.com/skimm-bias-and-reliability/,42.55,-6.63
The Smerconish Podcast,https://adfontesmedia.com/smerconish-podcast-bias-and-reliability/,38.83,-3.76
The Story,https://adfontesmedia.com/stories-of-our-times-bias-and-reliability/,41.22,-1.89
The Story with Martha MacCallum,https://adfontesmedia.com/the-story-with-martha-maccallum-bias-and-reliability/,35.33,12.83
The Stranger,https://adfontesmedia.com/the-stranger-bias-and-reliability/,36.49,-18.39
The Stream,https://adfontesmedia.com/the-stream-bias-and-reliability/,19.41,22.92
The Stream TV Show,https://adfontesmedia.com/stream-bias-and-reliability/,29.17,-22.47
The Sunday Show with Jonathan Capehart,https://adfontesmedia.com/sunday-show-with-jonathan-capehart-bias-and-reliability/,33.58,-15.33
The Takeout,https://adfontesmedia.com/takeout-bias-and-reliability/,45.42,-2.42
The Trace,https://adfontesmedia.com/the-trace-bias-and-reliability/,45.75,-6.64
The Trey Gowdy Podcast,https://adfontesmedia.com/trey-gowdy-podcast-bias-and-reliability/,41.58,5.38
The Trish Regan Show,https://adfontesmedia.com/trish-regan-show-bias-and-reliability/,16.99,23.52
The Verge,https://adfontesmedia.com/the-verge-bias-and-reliability/,39.43,-4.75
The View,https://adfontesmedia.com/the-view-bias-and-reliability/,25.86,-20.12
The Village Voice,https://adfontesmedia.com/village-voice-bias-and-reliability/,43.02,-7.91
The Water Cooler with David Brody,https://adfontesmedia.com/water-cooler-with-david-brody-bias-and-reliability/,24.59,21.07
The Weather Channel,https://adfontesmedia.com/weather-channel-bias-and-reliability/,46.38,-1.9
The Weeds,https://adfontesmedia.com/weeds-bias-and-reliability/,41.11,-8.33
The Week,https://adfontesmedia.com/week-bias-and-reliability/,35.26,-11.31
The Week on the Hill,https://adfontesmedia.com/week-on-the-hill-bias-and-reliability/,43.78,-0.33
The World According to Jesse,https://adfontesmedia.com/world-according-to-jesse-bias-and-reliability/,35,-13.78
The World and Everything In It,https://adfontesmedia.com/world-and-everything-in-it-bias-and-reliability/,39.13,11.45
The Wrap,https://adfontesmedia.com/wrap-bias-and-reliability/,37.42,-5.98
The Young Turks,https://adfontesmedia.com/the-young-turks-bias-and-reliability/,26.23,-24.99
TheGrio,https://adfontesmedia.com/thegrio-bias-reliability/,39.55,-10.82
This American Life,https://adfontesmedia.com/this-american-life-bias-and-reliability/,40.2,-9.17
Tim Pool Daily Show,https://adfontesmedia.com/tim-pool-daily-show-bias-and-reliability/,13.07,22.44
Time Magazine,https://adfontesmedia.com/time-bias-and-reliability/,41.12,-7.42
TIME’s The Brief,https://adfontesmedia.com/times-the-brief-bias-and-reliability/,42.78,-5.61
The New York Times,https://adfontesmedia.com/new-york-times-bias-and-reliability/,41.95,-7.72
The New Yorker,https://adfontesmedia.com/new-yorker-bias-and-reliability/,40.93,-12.32
The New Yorker Radio Hour,https://adfontesmedia.com/new-yorker-radio-hour/,44.55,-11.65
The News & Why It Matters,https://adfontesmedia.com/news-why-it-matters-bias-and-reliability/,20.14,22.29
The News with Shepard Smith,https://adfontesmedia.com/news-with-shepard-smith-bias-and-reliability/,44.28,-9.3
The Next Revolution with Steve Hilton,https://adfontesmedia.com/next-revolution-with-steve-hilton-bias-and-reliability/,23.39,25.86
The NPR Politics Podcast,https://adfontesmedia.com/the-npr-politics-podcast-bias-and-reliability/,42.67,-6.31
The Oregonian,https://adfontesmedia.com/oregonian-bias-and-reliability/,46.27,-3.82
The Patriot Post,https://adfontesmedia.com/patriot-post-bias-and-reliability/,18.87,19.6
The People’s Voice,https://adfontesmedia.com/newspunch-bias-and-reliability/,14.27,24.69
The PoliticsGirl Podcast,https://adfontesmedia.com/politicsgirl-podcast-bias-and-reliability/,23.44,-18.87
The President’s Inbox,https://adfontesmedia.com/the-presidents-inbox-bias-and-reliability/,44.44,-1.67
The Problem With Jon Stewart,https://adfontesmedia.com/problem-jon-stewart-bias-and-reliability/,28.61,-16.33
The Progressive,https://adfontesmedia.com/progressive-bias-and-reliability/,34.79,-18.16
The Rachel Maddow Show,https://adfontesmedia.com/rachel-maddow-show-bias-and-reliability/,36.71,-17.67
The Real Story,https://adfontesmedia.com/the-real-story-bias-and-reliability/,46.89,-1.44
The Realignment,https://adfontesmedia.com/the-realignment-bias-and-reliability/,39.89,1.33
The Reason Roundtable,https://adfontesmedia.com/reason-roundtable-bias-and-reliability/,36.87,6.21
The Record with Greta Van Susteren,https://adfontesmedia.com/the-record-with-greta-van-susteren-bias-and-reliability/,32.6,14.67
The ReidOut,https://adfontesmedia.com/reidout-bias-and-reliability/,23.73,-20.7
The Remnant,https://adfontesmedia.com/remnant-bias-and-reliability/,38.67,6.22
The Right Scoop,https://adfontesmedia.com/the-right-scoop-bias-and-reliability/,21.35,22.42
The Right View with Lara Trump,https://adfontesmedia.com/the-right-view-with-lara-trump-bias-and-reliability/,25.89,18.87
The Root,https://adfontesmedia.com/root-bias-and-reliability/,26.43,-18.51
The Rubin Report,https://adfontesmedia.com/rubin-report-bias-and-reliability/,22.24,22.97
The Sean Hannity Show,https://adfontesmedia.com/sean-hannity-show-bias-and-reliability/,14.52,24.52
The Sharyl Attkisson Podcast,https://adfontesmedia.com/sharyl-attkisson-podcast-bias-and-reliability/,38.11,6.28
The Situation Room,https://adfontesmedia.com/situation-room-bias-and-reliability/,42.04,-11.59
The Skepticrat,https://adfontesmedia.com/the-skepticrat-bias-and-reliability/,15.09,-26.2
The Skimm,https://adfontesmedia.com/skimm-bias-and-reliability/,42.55,-6.63
The Smerconish Podcast,https://adfontesmedia.com/smerconish-podcast-bias-and-reliability/,38.83,-3.76
The Story,https://adfontesmedia.com/stories-of-our-times-bias-and-reliability/,41.22,-1.89
The Story with Martha MacCallum,https://adfontesmedia.com/the-story-with-martha-maccallum-bias-and-reliability/,35.33,12.83
The Stranger,https://adfontesmedia.com/the-stranger-bias-and-reliability/,36.49,-18.39
The Stream,https://adfontesmedia.com/the-stream-bias-and-reliability/,19.41,22.92
The Stream TV Show,https://adfontesmedia.com/stream-bias-and-reliability/,29.17,-22.47
The Sunday Show with Jonathan Capehart,https://adfontesmedia.com/sunday-show-with-jonathan-capehart-bias-and-reliability/,33.58,-15.33
The Takeout,https://adfontesmedia.com/takeout-bias-and-reliability/,45.42,-2.42
The Trace,https://adfontesmedia.com/the-trace-bias-and-reliability/,45.75,-6.64
The Trey Gowdy Podcast,https://adfontesmedia.com/trey-gowdy-podcast-bias-and-reliability/,41.58,5.38
The Trish Regan Show,https://adfontesmedia.com/trish-regan-show-bias-and-reliability/,16.99,23.52
The Verge,https://adfontesmedia.com/the-verge-bias-and-reliability/,39.43,-4.75
The View,https://adfontesmedia.com/the-view-bias-and-reliability/,25.86,-20.12
The Village Voice,https://adfontesmedia.com/village-voice-bias-and-reliability/,43.02,-7.91
The Water Cooler with David Brody,https://adfontesmedia.com/water-cooler-with-david-brody-bias-and-reliability/,24.59,21.07
The Weather Channel,https://adfontesmedia.com/weather-channel-bias-and-reliability/,46.38,-1.9
The Weeds,https://adfontesmedia.com/weeds-bias-and-reliability/,41.11,-8.33
The Week,https://adfontesmedia.com/week-bias-and-reliability/,35.26,-11.31
The Week on the Hill,https://adfontesmedia.com/week-on-the-hill-bias-and-reliability/,43.78,-0.33
The World According to Jesse,https://adfontesmedia.com/world-according-to-jesse-bias-and-reliability/,35,-13.78
The World and Everything In It,https://adfontesmedia.com/world-and-everything-in-it-bias-and-reliability/,39.13,11.45
The Wrap,https://adfontesmedia.com/wrap-bias-and-reliability/,37.42,-5.98
The Young Turks,https://adfontesmedia.com/the-young-turks-bias-and-reliability/,26.23,-24.99
TheGrio,https://adfontesmedia.com/thegrio-bias-reliability/,39.55,-10.82
This American Life,https://adfontesmedia.com/this-american-life-bias-and-reliability/,40.2,-9.17
Tim Pool Daily Show,https://adfontesmedia.com/tim-pool-daily-show-bias-and-reliability/,13.07,22.44
Time Magazine,https://adfontesmedia.com/time-bias-and-reliability/,41.12,-7.42
TIME’s The Brief,https://adfontesmedia.com/times-the-brief-bias-and-reliability/,42.78,-5.61
Tipping Point,https://adfontesmedia.com/tipping-point-bias-and-reliability/,14.9,26.94
TMZ,https://adfontesmedia.com/tmz-bias-and-reliability/,35.35,-4.89
Today in Focus,https://adfontesmedia.com/today-in-focus-bias-and-reliability/,41.78,-3.67
Today with Hoda & Jenna,https://adfontesmedia.com/today-with-hoda-and-jenna-bias-and-reliability/,33.56,-0.56
"Today, Explained",https://adfontesmedia.com/today-explained-bias-and-reliability/,42.06,-13.42
Townhall,https://adfontesmedia.com/townhall-bias-and-reliability/,24.94,19.84
Trending Politics,https://adfontesmedia.com/trending-politics-bias-and-reliability/,23.05,17.45
Trib Live,https://adfontesmedia.com/trib-live-bias-and-reliability/,47.01,-1.04
True Pundit,https://adfontesmedia.com/true-pundit-bias-and-reliability/,37.42,8.05
Truth Over News,https://adfontesmedia.com/truth-over-news-bias-and-reliability/,28.33,17.42
Truthout,https://adfontesmedia.com/truthout-bias-and-reliability/,30.54,-19.43
Tucker Carlson Today,https://adfontesmedia.com/tucker-carlson-today-bias-and-reliability/,23.28,14.67
Tucker Carlson Tonight,https://adfontesmedia.com/tucker-carlson-tonight-bias-reliability/,19.07,23.89
Tucker on X,https://adfontesmedia.com/tucker-on-x-bias-reliability/,11.48,21.68
Turley Talks,https://adfontesmedia.com/turley-talks-bias-and-reliability/,22.07,22.74
Turning Point USA,https://adfontesmedia.com/turning-point-usa-bias-and-reliability/,20.6,16.97
Twitchy,https://adfontesmedia.com/twitchy-bias-and-reliability/,17.71,21.04
TYT: The Conversation,https://adfontesmedia.com/tyt-the-conversation-bias-and-reliability/,21.36,-24.4
UN News,https://adfontesmedia.com/un-news-bias-and-reliability/,44.26,-4.68
UNDISTRACTED with Brittany Packnett Cunningham,https://adfontesmedia.com/undistracted-with-brittany-packnett-cunningham-bias-and-reliability/,32.11,-15.67
Unfiltered with Dan Bongino,https://adfontesmedia.com/unfiltered-with-dan-bongino-bias-and-reliability/,18.89,22.11
Unlocking Us with Brene Brown,https://adfontesmedia.com/unlocking-us-with-brene-brown/,30.44,-21.8
Up First,https://adfontesmedia.com/up-first-bias-and-reliability/,44.19,-9.51
UpFront,https://adfontesmedia.com/upfront-bias-and-reliability/,39.47,-13.21
UPI,https://adfontesmedia.com/upi-bias-and-reliability/,45.5,-1.18
UPROXX,https://adfontesmedia.com/uproxx-bias-and-reliability/,34.69,-14.87
Upworthy,https://adfontesmedia.com/upworthy-bias-and-reliability/,40.14,-3.77
US News and World Report,https://adfontesmedia.com/u-s-news-and-world-report-bias-reliability/,43.89,-2.18
US Weekly,https://adfontesmedia.com/us-weekly-bias-and-reliability/,36.72,0.04
USA Today,https://adfontesmedia.com/usa-today-bias-and-reliability/,41.22,-4.19
Useful Idiots,https://adfontesmedia.com/useful-idiots-bias-and-reliability/,13.02,-23.13
Vanity Fair,https://adfontesmedia.com/vanity-fair-bias-and-reliability/,33.19,-13.87
Variety,https://adfontesmedia.com/variety-bias-and-reliability/,41.29,-3.85
Verdict with Ted Cruz,https://adfontesmedia.com/verdict-with-ted-cruz-bias-and-reliability/,27,18.87
Veterans of Foreign Wars VFW,https://adfontesmedia.com/vfw-bias-and-reliability/,40.88,-0.1
Vice,https://adfontesmedia.com/vice-bias-and-reliability/,38.96,-9.39
Vogue,https://adfontesmedia.com/vogue-bias-and-reliability/,39.13,-10.91
Voice of America,https://adfontesmedia.com/voice-america-bias-and-reliability/,46.29,-3.24
Vox,https://adfontesmedia.com/vox-bias-and-reliability/,39.68,-10.07
VT Foreign Policy,https://adfontesmedia.com/vt-foreign-policy-bias-and-reliability/,9.04,10.95
Vulture,https://adfontesmedia.com/vulture-bias-and-reliability/,38.72,-7.96
Wait Wait … Don’t Tell Me,https://adfontesmedia.com/wait-wait-dont-tell-me-bias-and-reliability/,34.67,-4.08
Wake Up America,https://adfontesmedia.com/wake-up-america-bias-and-reliability/,17.49,21.33
Wall Street Journal,https://adfontesmedia.com/wall-street-journal-bias-and-reliability/,43.37,4.24
War on the Rocks,https://adfontesmedia.com/war-on-the-rocks-bias-and-reliability/,40.02,1.5
Washington Blade,https://adfontesmedia.com/washington-blade-bias-and-reliability/,42.71,-7.49
Washington Examiner,https://adfontesmedia.com/washington-examiner-bias-and-reliability/,34.12,11.69
Washington Free Beacon,https://adfontesmedia.com/washington-free-beacon-bias-and-reliability/,24.15,14.48
Washington Journal,https://adfontesmedia.com/washington-journal-bias-and-reliability/,35.44,-3.44
Washington Monthly,https://adfontesmedia.com/washington-monthly-bias-and-reliability/,32.05,-14.36
Washington Post,https://adfontesmedia.com/washington-post-bias-and-reliability/,39.59,-6.76
Washington Times,https://adfontesmedia.com/washington-times-bias-and-reliability/,36.07,11.83
Washington Week,https://adfontesmedia.com/washington-week-bias-and-reliability/,41.56,-6.81
Washington’s Top News,https://adfontesmedia.com/washingtons-top-news-bias-and-reliability/,46.27,-0.26
Washingtonian,https://adfontesmedia.com/washingtonian-bias-and-reliability/,42.98,-2.62
Watters’ World,https://adfontesmedia.com/watters-world-bias-and-reliability/,29.33,19
Watts Up With That?,https://adfontesmedia.com/watts-up-with-that-bias-and-reliability/,25.52,13.76
Weasel Zippers,https://adfontesmedia.com/weasel-zippers-bias-and-reliability/,25.38,13.42
Western Journal,https://adfontesmedia.com/western-journal-bias-reliability/,23.09,19.45
What A Day,https://adfontesmedia.com/what-a-day-bias-and-reliability/,36.93,-16.11
What Next,https://adfontesmedia.com/what-next-bias-and-reliability/,42.67,-7.21
What the Hell is Going On?,https://adfontesmedia.com/what-the-hell-is-going-on-bias-and-reliability/,34.56,11.56
What’s News,https://adfontesmedia.com/whats-news-bias-and-reliability/,46.27,0.27
White Flag with Joe Walsh,https://adfontesmedia.com/white-flag-with-joe-walsh-bias-and-reliability/,34.11,-11.11
Who What Why,https://adfontesmedia.com/who-what-why-bias-and-reliability/,36.05,-12.94
Why Is This Happening? with Chris Hayes,https://adfontesmedia.com/why-is-this-happening-with-chris-hayes-bias-and-reliability/,40.83,-13.42
Why It Matters,https://adfontesmedia.com/why-it-matters-bias-and-reliability/,47.78,-1
WIRED,https://adfontesmedia.com/wired-bias-and-reliability/,36.77,-7.24
Witness,https://adfontesmedia.com/witness-bias-and-reliability/,51.93,-13.96
WND,https://adfontesmedia.com/wnd-bias-and-reliability/,15.54,21.14
Wonkette,https://adfontesmedia.com/wonkette-bias-and-reliability/,17.4,-26.18
World News Roundup,https://adfontesmedia.com/world-news-roundup-bias-and-reliability/,46.42,-1.5
World Socialist Web Site,https://adfontesmedia.com/world-socialist-web-site-bias-and-reliability/,30.26,-25.8
WorldTruth.TV,https://adfontesmedia.com/world-truth-tv-bias-and-reliability/,8.52,25.64
X22 Report,https://adfontesmedia.com/x22-report-bias-and-reliability/,6.59,34.48
Yahoo.com,https://adfontesmedia.com/yahoo-com-bias-and-reliability/,41.12,-5.75
Yes! Magazine,https://adfontesmedia.com/yes-magazine-bias-and-reliability/,39.57,-14.64
You and Me Both with Hillary Clinton,https://adfontesmedia.com/you-and-me-both-with-hillary-clinton-bias-and-reliability/,31.11,-13.11
Your Money Briefing,https://adfontesmedia.com/your-money-briefing-bias-and-reliability/,44.87,-0.2
Your World with Neil Cavuto,https://adfontesmedia.com/your-world-with-neil-cavuto-bias-and-reliability/,36.58,13.53
ZeroHedge,https://adfontesmedia.com/zerohedge-bias-and-reliability/,20.78,16.08
